{   
    "austen-persuasion": {
        "collection": "gutenberg",
        "fid": "austen-persuasion",
        "filename": "corpus/austen-persuasion.txt"
    },
    "austen-sense": {
        "collection": "gutenberg",
        "fid": "austen-sense",
        "filename": "corpus/austen-sense.txt"
    },
    "bible-kjv": {
        "collection": "gutenberg",
        "fid": "bible-kjv",
        "filename": "corpus/bible-kjv.txt"
    },
    "blake-poems": {
        "collection": "gutenberg",
        "fid": "blake-poems",
        "filename": "corpus/blake-poems.txt"
    },
    "bryant-stories": {
        "collection": "gutenberg",
        "fid": "bryant-stories",
        "filename": "corpus/bryant-stories.txt"
    },
    "burgess-busterbrown": {
        "collection": "gutenberg",
        "fid": "burgess-busterbrown",
        "filename": "corpus/burgess-busterbrown.txt"
    },
    "carroll-alice": {
        "collection": "gutenberg",
        "fid": "carroll-alice",
        "filename": "corpus/carroll-alice.txt"
    },
    "chesterton-ball": {
        "collection": "gutenberg",
        "fid": "chesterton-ball",
        "filename": "corpus/chesterton-ball.txt"
    },
    "chesterton-brown": {
        "collection": "gutenberg",
        "fid": "chesterton-brown",
        "filename": "corpus/chesterton-brown.txt"
    },
    "chesterton-thursday": {
        "collection": "gutenberg",
        "fid": "chesterton-thursday",
        "filename": "corpus/chesterton-thursday.txt"
    },
    "edgeworth-parents": {
        "collection": "gutenberg",
        "fid": "edgeworth-parents",
        "filename": "corpus/edgeworth-parents.txt"
    },
    "melville-moby_dick": {
        "collection": "gutenberg",
        "fid": "melville-moby_dick",
        "filename": "corpus/melville-moby_dick.txt"
    },
    "milton-paradise": {
        "collection": "gutenberg",
        "fid": "milton-paradise",
        "filename": "corpus/milton-paradise.txt"
    },
    "shakespeare-caesar": {
        "collection": "gutenberg",
        "fid": "shakespeare-caesar",
        "filename": "corpus/shakespeare-caesar.txt"
    },
    "shakespeare-hamlet": {
        "collection": "gutenberg",
        "fid": "shakespeare-hamlet",
        "filename": "corpus/shakespeare-hamlet.txt"
    },
    "shakespeare-macbeth": {
        "collection": "gutenberg",
        "fid": "shakespeare-macbeth",
        "filename": "corpus/shakespeare-macbeth.txt"
    },
    "whitman-leaves": {
        "collection": "gutenberg",
        "fid": "whitman-leaves",
        "filename": "corpus/whitman-leaves.txt"
    }
}
